Наименование товара,Цена,Ссылка на карточку
Подвесной светильник Ферум Orange,4990,https://www.divan.ru/product/podvesnoj-svetilnik-ferum-orange
Светильник потолочный Ринга Black,3990,https://www.divan.ru/product/svetilnik-potolochnyj-ringa-black
Торшер Бьйорк White,11990,https://www.divan.ru/product/torsher-bjork-white
Подвесной светильник Тубули-5 Wood,12990,https://www.divan.ru/product/podvesnoj-svetilnik-tubuli-5-wood
Бра Смастен White,4990,https://www.divan.ru/product/bra-smasten-white
Настольная лампа Арвика Wood,5990,https://www.divan.ru/product/nastolnaya-lampa-arvika-wood
Подвесной светильник Инлада Wood,9990,https://www.divan.ru/product/podvesnoj-svetilnik-inlada-wood
Подвесной светильник Намсен Black,10990,https://www.divan.ru/product/podvesnoj-svetilnik-namsen-black
Люстра Ливсден Brown,17990,https://www.divan.ru/product/lyustra-livsden-brown
Торшер Логмар Silver,17990,https://www.divan.ru/product/torsher-logmar-silver
Подвесной светильник Гронтри-1 Wood,11990,https://www.divan.ru/product/podvesnoj-svetilnik-grontri-1-wood
Бра Бракетт White,4490,https://www.divan.ru/product/bra-brakett-white
Подвесной светильник Отра Wood,16990,https://www.divan.ru/product/podvesnoj-svetilnik-otra-wood
Подвесной светильник Кронор Orange,7990,https://www.divan.ru/product/podvesnoj-svetilnik-kronor-orange
Светильник потолочный Орхус White,16990,https://www.divan.ru/product/svetilnik-potolochnyj-orhus-white
Подвесной светильник Рена Green,4990,https://www.divan.ru/product/podvesnoj-svetilnik-rena-green
Светильник потолочный Ринга White,3990,https://www.divan.ru/product/svetilnik-potolochnyj-ringa-white
Бра Берит Black,5990,https://www.divan.ru/product/bra-berit-black
,7990,https://www.divan.ru/product/podvesnoj-svetilnik-kronor-black
,3990,https://www.divan.ru/product/nastolnaya-lampa-bjork-white
,3690,https://www.divan.ru/product/podvesnoj-svetilnik-selau-2-glass
,13990,https://www.divan.ru/product/podvesnoj-svetilnik-djambi-rattan
,6990,https://www.divan.ru/product/bra-pinna-black
,7990,https://www.divan.ru/product/podvesnoj-svetilnik-bjork-white
,17990,https://www.divan.ru/product/torsher-oslo-blue
,2290,https://www.divan.ru/product/bra-bjork-white
,7990,https://www.divan.ru/product/podvesnoj-svetilnik-arvika-wood
,6990,https://www.divan.ru/product/podvesnoj-svetilnik-benflit-black
,16990,https://www.divan.ru/product/svetilnik-potolochnyj-orhus-black
,2990,https://www.divan.ru/product/nastolnaya-lampa-treben-orange
,4290,https://www.divan.ru/product/podvesnoj-svetilnik-livsden-brown
,5990,https://www.divan.ru/product/podvesnoj-svetilnik-bejla-black
,11990,https://www.divan.ru/product/svetilnik-potolochnyj-lago-white
,5990,https://www.divan.ru/product/podvesnoj-svetilnik-chinkve-silver
,4990,https://www.divan.ru/product/torsher-enkel-black
,17990,https://www.divan.ru/product/lyustra-maling-multi
,9990,https://www.divan.ru/product/podvesnoj-svetilnik-djambi-1-rattan
,4990,https://www.divan.ru/product/podvesnoj-svetilnik-selau-1-glass
,3990,https://www.divan.ru/product/podvesnoj-svetilnik-ferum-black
,4990,https://www.divan.ru/product/bra-smasten-black
,7990,https://www.divan.ru/product/podvesnoj-svetilnik-kronor-white
,2990,https://www.divan.ru/product/podvesnoj-svetilnik-tubuli-wood
,2990,https://www.divan.ru/product/nastolnaya-lampa-treben-white
,3990,https://www.divan.ru/product/podvesnoj-svetilnik-ferum-grey
,6990,https://www.divan.ru/product/podvesnoj-svetilnik-kvina-black
,5990,https://www.divan.ru/product/podvesnoj-svetilnik-bejla-white
,10990,https://www.divan.ru/product/podvesnoj-svetilnik-grontri-wood
,3490,https://www.divan.ru/product/podvesnoj-svetilnik-skara-wood
